num,pitch,yoffset_layer,yoffset_plane,zshift_layer,zshift_plane,zshift_view,angle,objective
0.0,1.72,0.86,0.43,1.1,2.6,10.0,5.0,1.0
1.0,2.84787006758,1.60358548371,2.57196491553,3.39243697007,19.1621756069,29.2207885174,5.0,
2.0,2.30145477031,0.230563626751,1.21901162608,5.39784127927,7.06908836755,39.1178698568,5.0,
3.0,2.75754428453,0.859004736326,0.210996310099,9.42213056539,12.4146306432,35.5689773025,5.0,0.0
4.0,3.16478321919,1.59962400264,0.922065917786,1.80915351142,18.4733566981,26.7940246849,5.0,
5.0,1.73361296001,1.38669492529,0.961085043487,5.00367209026,15.5761310104,30.7032298047,5.0,
